id;account_number;balance;currency;create_at;update_at;create_by;update_by
1;c TCP copying;33699;Alsace SQL;2023-03-15T01:01:02;2023-03-14T20:53:58;payment Cambridgeshire c;payment Avon Architecte
2;AI networks;60384;bluetooth Chips;2023-03-14T19:47:36;2023-03-15T09:37:24;connecting HTTP deposit;payment Refined incentivize
3;global de Beauty;62656;c;2023-03-14T20:20:19;2023-03-15T02:00:30;human-resource;du application Tools
4;Mouse;54785;Plastic Luxembourg streamline;2023-03-15T04:13:10;2023-03-15T03:25:58;capacity Specialiste;Savings
5;Ingenieur Granite;94838;Barbade;2023-03-15T04:01:46;2023-03-14T22:49:49;Balboa;Plastic
6;markets Technicien;70055;connect;2023-03-14T17:39:59;2023-03-14T18:01:10;Rivoli matrix Plastic;deposit hardware Profit-focused
7;payment;31696;mobile;2023-03-15T08:18:50;2023-03-14T23:30:58;de payment blue;Polarised
8;Fish Ingenieur b;44089;Automotive;2023-03-15T05:37:46;2023-03-15T14:23:13;index expedite;matrix leading-edge SAS
9;extensible Pants;98523;Chat-qui-PÃªche overriding;2023-03-15T16:04:54;2023-03-15T14:08:57;Fantastic;Ingenieur compress
10;b;40650;Loan;2023-03-14T23:58:10;2023-03-14T19:14:01;Cross-group Israeli;Zimbabwe seize Grass-roots
