id;name;email;password;create_at;update_at;create_by;update_by
1;secondary Soft RSS;Agla_Moulin53@gmail.com;methodologies b Loan;2023-03-14T18:09:51;2023-03-15T13:01:59;Pants SMTP Sharable;index
2;methodology programming;Ludovic36@yahoo.fr;clear-thinking;2023-03-15T09:28:27;2023-03-15T13:09:12;des;Ball methodologies Buckinghamshire
3;c projection Ingenieur;Bernadette80@gmail.com;synthesize;2023-03-15T07:01:45;2023-03-14T18:44:27;PCI 24/365 deposit;card
4;Music;Azale_Marie0@hotmail.fr;a salmon;2023-03-15T00:24:50;2023-03-15T16:10:03;Tonga enable;Pastourelle
5;index connecting Suisse;Philippine85@hotmail.fr;Upgradable Île-de-France;2023-03-15T03:29:31;2023-03-15T01:08:40;ivory;Auto Intuitive Account
6;Bedfordshire;Joachim76@gmail.com;open;2023-03-15T05:30:21;2023-03-15T02:26:13;service-desk;Salad parsing magenta
7;Haute-Normandie Generic;Guyot.Rousseau69@gmail.com;Borders;2023-03-15T05:42:06;2023-03-15T03:08:21;Refined Synergized Maldives;quantify frictionless
8;Kroon overriding;Josselin_Leroy46@yahoo.fr;Saint-Vincent-et-les-Grenadines;2023-03-15T13:20:08;2023-03-15T12:49:18;SMS Champagne-Ardenne Rubber;Account
9;invoice override Home;Florestan65@gmail.com;Plastic override b;2023-03-15T14:13:21;2023-03-14T22:33:04;calculate Handcrafted killer;facilitate Midi-Pyrénées Administrateur
10;architectures vertical;Andre_Louis95@hotmail.fr;Guinée;2023-03-15T11:55:40;2023-03-15T03:16:21;Concrete Basse-Normandie;Progressive Corse Chicken
